<?xml version="1.0" encoding="UTF-8"?>
<!DOCTYPE mapper
PUBLIC "-//mybatis.org//DTD Mapper 3.0//EN"
"http://mybatis.org/dtd/mybatis-3-mapper.dtd">

<mapper namespace="com.human.dao.IBoardDao">
<insert id="create">
insert into tbl_board(bno,title,content,writer)
values(seq_board.nextval,#{title},#{content},#{writer})
</insert>
<select id="read" resultType="BoardDto">
select * from tbl_board where bno=#{bno}
</select>
<delete id="delete">
delete from tbl_board where bno=#{bno}
</delete>
<update id="update">
update tbl_board set title=#{title},content=#{content} where bno=#{bno}
</update>
<select id="listAll" resultType="com.human.dto.BoardDto">
select * from tbl_board order by bno desc,regdate desc
</select>
</mapper>